{
  "id": "chu-ky-kinh-nguyet",
  "title": "Chu kỳ kinh nguyệt là gì? Chu kỳ kinh nguyệt bình thường là bao nhiêu ngày?",
  "breadcrumb": "Kiến thức y khoa & Xét nghiệm",
  "date": "2025-06-21",
  "image": "https://i.postimg.cc/VNWkMvYr/chu-k.png",
  "sections": [
    {
      "heading": "Chu kỳ kinh nguyệt là gì?",
      "content": "<p><strong>Chu kỳ kinh nguyệt</strong> là quá trình sinh lý tự nhiên của phụ nữ, điều khiển bởi hormone estrogen và progesterone. Mỗi chu kỳ, lớp nội mạc tử cung dày lên để chuẩn bị mang thai. Nếu không thụ tinh, lớp này sẽ bong ra dưới dạng máu kinh.</p>"
    },
    {
      "heading": "Chu kỳ kinh nguyệt được tính như thế nào?",
      "content": "<p>Chu kỳ được tính từ <strong>ngày đầu tiên có kinh</strong> đến <strong>ngày trước kỳ kinh tiếp theo</strong>.</p><p>Ví dụ: Bắt đầu ngày 1/6 và chu kỳ tiếp theo bắt đầu ngày 29/6 ⇒ Chu kỳ dài 28 ngày.</p>"
    },
    {
      "heading": "Chu kỳ bình thường kéo dài bao lâu?",
      "content": "<p>Chu kỳ thường dài từ <strong>21 đến 35 ngày</strong>, phổ biến là 28 ngày. Quan trọng là tính đều đặn.</p><div class='alert-box'><strong>Lưu ý:</strong> Nếu chu kỳ quá ngắn, quá dài, ra máu nhiều, đau dữ dội,... nên đi khám bác sĩ.</div>"
    },
    {
      "heading": "Vì sao cần theo dõi chu kỳ?",
      "content": "<ul><li> Xác định ngày rụng trứng (kế hoạch hóa gia đình)</li><li> Phát hiện sớm rối loạn nội tiết, PCOS</li><li> Chủ động công việc, sinh hoạt</li></ul>"
    },
    {
      "heading": "Cách theo dõi hiệu quả",
      "content": "<p>Dùng ứng dụng theo dõi chu kỳ như: <strong>Flo</strong>, <strong>Clue</strong>, <strong>Period Tracker</strong>.</p>"
    },
    {
      "heading": "Khi nào nên khám bác sĩ?",
      "content": "<ul><li>Mất kinh > 3 tháng</li><li>Chu kỳ &lt; 21 hoặc &gt; 35 ngày kéo dài</li><li>Ra máu kéo dài hoặc giữa chu kỳ</li><li>Đau dữ dội ảnh hưởng sinh hoạt</li></ul>"
    },
    {
      "heading": "Khuyến nghị",
      "content": "<div class='alert-box'><strong>Chuyên gia khuyên:</strong> Theo dõi chu kỳ là một cách chăm sóc sức khỏe sinh sản đơn giản nhưng rất quan trọng.</div><p> Hy vọng bài viết giúp bạn hiểu rõ hơn và chăm sóc bản thân tốt hơn mỗi ngày.</p><p class='final-call'>🎯 <strong>Hy vọng bài viết giúp bạn hiểu rõ hơn và chăm sóc bản thân tốt hơn mỗi ngày</strong> Nếu có muốn tìm hiểu sâu hơn, hãy <a href='/Frontend/Public/datlich.html'>đặt lịch tư vấn</a> tại phòng khám ngay hôm nay.</p>"
    }
  ]
}