[
  {
    "Tên": "GS. Trương Thanh K",
    "Hình": "https://i.postimg.cc/Y2QtdmMC/Tr-ng-Thanh.png",
    "Chức vụ": "Trưởng khoa Sức khỏe sinh sản",
    "Kinh nghiệm": "12 năm",
    "Tốt nghiệp": "ĐH Y Dược TPHCM, 2005 – 2013"
  },
  {
    "Tên": "TS. Ngô Cẩm P",
    "Hình": "https://i.postimg.cc/SNQHcXK5/Ng-C-m.png",
    "Chức vụ": "Tư vấn chuyên khoa sinh lý nữ",
    "experience": "7 năm",
    "education": "ĐH Y khoa Phạm Ngọc Thạch, 2010 – 2018"
  },
  {
    "name": "ThS. Lý Ngọc N",
    "image": "https://i.postimg.cc/Dw6G1cmw/L-Ng-c.jpg",
    "specialty": "Tư vấn sức khỏe sinh sản",
    "experience": "8 năm",
    "education": "ĐH Y Dược TPHCM, 2009 – 2017"
  },
  {
    "name": "CV. Nguyễn Thu T",
    "image": "https://i.postimg.cc/d3hrKmBp/Nguy-n-Thu.png",
    "specialty": "Tư vấn chuyên khoa sinh lý nữ",
    "experience": "4 năm",
    "education": "ĐH Y Hà Nội, 2013 – 2021"
  },
  {
    "name": "TS. Trần Văn F",
    "image": "https://i.postimg.cc/KvmC0ZJv/Tr-n-V-n.jpg",
    "specialty": "Tư vấn sức khỏe sinh sản",
    "experience": "5 năm",
    "education": "ĐH Y Dược Huế, 2012 – 2020"
  },
  {
    "name": "TS. Lý Minh P",
    "image": "https://i.postimg.cc/RZ5fjtnp/L-Minh.png",
    "specialty": "Tư vấn chuyên khoa sinh lý nam",
    "experience": "8 năm",
    "education": "ĐH Y Dược TPHCM, 2009 – 2017"
  },
  {
    "name": "ThS. Nguyễn Minh D",
    "image": "https://i.postimg.cc/Kz4qs1Kw/Nguy-n-Minh.jpg",
    "specialty": "Tư vấn sinh lý vị thành niên",
    "experience": "5 năm",
    "education": "ĐH Y Cần Thơ, 2012 – 2020"
  },
  {
    "name": "ThS. Lê Nhã T",
    "image": "https://i.postimg.cc/fWf637Mm/L-Nh.png",
    "specialty": "Tư vấn sinh lý nam",
    "experience": "7 năm",
    "education": "ĐH Y Dược Huế, 2010 – 2018"
  },
  {
    "name": "ThS. Lâm Ánh D",
    "image": "https://i.postimg.cc/28zNTc00/L-m-nh.png",
    "specialty": "Tư vấn sinh lý nữ",
    "experience": "5 năm",
    "education": "ĐH Y Dược TPHCM, 2012 – 2020"
  },
  {
    "name": "CV. Hoàng Phúc K",
    "image": "https://i.postimg.cc/7YcXbbJS/Ho-ng-Ph-c.png",
    "specialty": "Tư vấn sinh lý vị thành niên",
    "experience": "7 năm",
    "education": "ĐH Y Phạm Ngọc Thạch, 2010 – 2018"
  },
  {
    "name": "CV. Đỗ Minh N",
    "image": "https://i.postimg.cc/XJJywcTq/Minh.png",
    "specialty": "Tư vấn sinh lý nữ",
    "experience": "8 năm",
    "education": "ĐH Y Hà Nội, 2009 – 2017"
  },
  {
    "name": "TS. Võ Đăng H",
    "image": "https://i.postimg.cc/1Rvvhv9C/V-ng.png",
    "specialty": "Tư vấn chuyên khoa sinh lý nam",
    "experience": "8 năm",
    "education": "ĐH Y Huế, 2009 – 2017"
  }
]
